{
    "imu_parameter": {
        "updateRateHz":                     100,
        "velocityRandomWalk":               [0.000333333333333333, 0.000333333333333333, 0.000333333333333333],
        "biasInstabilityAccelerometer":     [0.0000588399000000000, 0.0000588399000000000, 0.0000588399000000000],
        "angularRandomWalk":                [0.0000232710566932577, 0.0000232710566932577, 0.0000232710566932577],
        "biasInstabilityGyroscope":         [0.00000387850944887629, 0.00000387850944887629, 0.00000387850944887629],
        "tb2s":                             [0.0, 0.0, 0.0],
        "Cb2s":                             [1.0, 0.0, 0.0, 0.0, 1.0, 0.0, 0.0, 0.0, 1.0]
    }
}